summary,value
count,612
mean,39.06209150326797
stddev,30.14986138622589
min,5
max,190
